amino1,amino2,f4,f3,f2,f1,f0
GLU,PRO,4.024856437342569e-07,-2.659861822915047e-05,0.000658404411204444,-0.007234948126494135,0.029778270333213026
THR,ASN,0.0005263632016338241,-0.031229783162674534,0.6891181822931151,-6.721146270380319,24.5986887242919
ILE,GLY,-0.0003119182905693974,0.012863768378771704,-0.1621897399195215,0.4663560490463334,1.8208642588604862
MET,LYS,-0.0013074846182156165,0.06221444366100705,-1.0280511970897472,6.461276632894793,-6.964812954567039
ALA,LEU,0.00018484856017211566,-0.012365769070884634,0.30177801924815456,-3.201336513959453,12.547093325447099
CYS,ASP,-0.0009934161401374856,0.056763832780302934,-1.1523974762288063,9.520288230513353,-24.725274440516298
ILE,VAL,0.00033594956011991816,-0.01919137691392537,0.4138807166496676,-4.044606760664152,15.449301721313793
HIS,TYR,-0.0002289069267978539,0.012804604528242726,-0.23526260261051105,1.4097338150372005,0.2241731889440299
GLY,TYR,4.330994523779407e-05,-0.002809350293828911,0.07782845846220876,-1.0542922175354483,5.610058375952019
PRO,LYS,0.0010589416274670806,-0.05270558925485937,0.9711121137241614,-8.225397838378672,32.78644365775659
GLN,ASN,-0.0008071626363795421,0.037455248203619826,-0.5800471550617655,3.076991147156765,-1.2415068516380898
LYS,GLU,-0.00015989690162814218,0.01886008888471598,-0.35739596964060294,-1.3309248077141953,59.93115952134798
TYR,TRP,0.00012589821979793484,-0.007240790782465958,0.17559450299605367,-2.1815076163136955,11.38348326460096
LEU,SER,-6.887672191220109e-05,-0.00024911570192887045,0.09896043129988844,-1.8203934139987599,9.340851944508511
TRP,GLU,-0.000206031189544497,0.02693950731580276,-0.7971827177289672,7.9542984821837095,-20.09859904557398
ASP,TYR,0.0016647199348043815,-0.046320461315136265,0.08939121732926722,4.771751189494828,-18.754353266079082
HIS,GLU,-0.0013645883042510349,0.09067453318375117,-2.0510608744094556,18.11996954861475,-46.90647227548182
LYS,MET,-0.0013074846182156165,0.06221444366100705,-1.0280511970897472,6.461276632894793,-6.964812954567039
GLN,CYS,-7.849846621808323e-05,0.007711581034829752,-0.2054489142006428,1.8772858047194447,-3.8969891942367654
GLN,GLY,-0.000483587214298258,0.02178241480591396,-0.324306895031541,1.6202797249320007,-0.4205136156748566
LYS,CYS,-3.430994509253609e-05,-0.0007268529970401647,0.08646097640653279,-1.8547519441797762,15.879831900208268
ALA,MET,6.619107068722414e-05,-0.006420481948539482,0.19575690608381557,-2.4322266873898144,10.838400814609122
GLN,LYS,0.00016072208431812144,-0.010119280601566258,0.26667771450237,-3.549263704221208,21.656274210224936
ALA,PHE,6.057823724468854e-06,-0.003603145229821957,0.1493252012694339,-2.1167161887431702,10.05614949573154
GLY,LEU,-0.00013325160263670313,0.0036268542280099023,0.010812989847800195,-0.9157753434938717,5.771887919497289
CYS,VAL,0.0004713390233817645,-0.026301286352189413,0.5472845058925402,-5.067310507415369,17.877144369904887
MET,ILE,-0.0002755665381689236,0.013451815313476811,-0.2238638329313362,1.3609843298218534,-1.5056182527657072
GLU,HIS,-0.0013645883042510349,0.09067453318375117,-2.0510608744094556,18.11996954861475,-46.90647227548182
TRP,SER,-0.00046234887372195157,0.020972398877966158,-0.31066287631828776,1.4400670980483887,0.9020843110284479
ASN,MET,-0.0005495160168276806,0.026192516282093434,-0.4234346079891955,2.4696894633856585,-2.378338925158772
TRP,GLY,-0.0001296651071735795,0.004553406770233768,-0.024711117935490464,-0.5702130832095544,5.302932248365044
ALA,VAL,0.00032127932307032483,-0.018946909761866505,0.4142360500178141,-3.986238521155225,14.312490617556778
ASP,GLN,0.0002546522818405793,-0.009314724287143156,0.13076684684092296,-1.3218588087653027,9.130128895803601
ASN,ILE,-3.867608625347244e-06,-0.0011472908478362422,0.06815937407116165,-1.2457601310594304,7.43797422679403
ASN,GLY,-0.000253622696614215,0.00927558687711891,-0.07827716411034881,-0.4351640506663261,5.654480877404752
ILE,PHE,0.00013715264468894394,-0.008289013079449924,0.1942795293722017,-2.1119474758414807,9.019551865689854
GLU,ILE,3.389710852348228e-05,-0.0021541288164769307,0.05118315332138849,-0.5388511011764653,2.1206123127545986
TRP,PHE,-0.00016823280647903688,0.00810020660084407,-0.11158715442521679,0.0724444964746077,5.266912537385077
MET,SER,-0.0003457291683079043,0.013769470950286977,-0.15641081769611992,0.1419848771904947,4.042983098583881
HIS,VAL,4.425161087651478e-05,-0.005535420333308721,0.18728936482647,-2.4803810696392747,11.594937333831732
PRO,HIS,-0.00014512891152184123,0.008085036127360262,-0.14697394580097503,0.857312292282603,0.29351067968265165
PRO,VAL,0.00032087167818737873,-0.018615632997116913,0.40299185530006915,-3.887508261400484,14.333383107125945
PHE,PHE,0.00013613905155696258,-0.008190185759730271,0.1998168330987467,-2.3717907381058554,11.429565204230135
GLN,ALA,-4.076226180639248e-05,-0.0012770636505844992,0.10794532594171988,-1.8156641646223028,9.402798594435124
GLN,GLN,0.00013396338542001634,-0.0013520035974871538,-0.06428107021469241,0.7874359975480381,0.5860252075396822
PHE,GLU,-0.0016685791091952495,0.08410887455759873,-1.4986146628504766,10.788692810388365,-24.12327643096207
ILE,HIS,-4.7401136704495735e-05,0.002318821557790023,-0.023623498107233683,-0.26723758832806976,3.930477151464406
SER,ASN,-0.00018422286223851843,0.004293315359096854,0.05041601697145695,-1.8661693211002872,11.474505879407289
SER,CYS,-0.00032823064120540685,0.01356832510477568,-0.1672480172810161,0.3472217292771933,3.210031137878256
ILE,ARG,-0.0005092875741818676,0.021957465231690797,-0.2925841808859336,0.556245871417655,14.593127073576596
TRP,TYR,0.00012589821979793484,-0.007240790782465958,0.17559450299605367,-2.1815076163136955,11.38348326460096
LYS,THR,-0.00030139350527247057,0.012168558824230818,-0.13646065221817105,-0.09057747124677887,6.551583075072936
LYS,LYS,0.0010832058520645008,-0.03855577155993871,0.4073047176454056,-1.5891819179740887,8.233702386512709
HIS,ASP,-0.0029623909266798224,0.16429096399896392,-3.2355365977956723,25.875938218230353,-64.57034951771927
CYS,GLN,-7.849846621808323e-05,0.007711581034829752,-0.2054489142006428,1.8772858047194447,-3.8969891942367654
MET,VAL,0.00016789331353544935,-0.011861781636481498,0.3054586534059402,-3.429567561372572,14.329661777783063
GLN,HIS,-0.0007916271627946927,0.03957497150168084,-0.6866545675318696,4.579253911371976,-7.697088416750346
LEU,ASP,-0.0008991483199849778,0.043791622472152306,-0.732347809035447,4.583704202415649,-6.295592778401507
VAL,TRP,0.00021835298457540368,-0.014416584038103185,0.3574333438807312,-3.958749436028214,16.616623315499858
PHE,SER,-5.075212542732535e-05,-0.0006809771691221968,0.0975595157710754,-1.751299896851539,9.17462862927408
GLN,VAL,6.0995738951532954e-05,-0.006334452700772224,0.1998149676167619,-2.541496259440588,11.532925826339682
VAL,GLY,0.0002145668968832073,-0.013424253427898755,0.30934621920463196,-3.1200259303387794,11.69463466084356
SER,GLU,-0.003658214164618217,0.18669104688487398,-3.3725796515513937,24.659707326333578,-56.11563158060564
PHE,HIS,-2.5638932854490693e-05,0.00011066376620692398,0.043316546737749186,-1.0572122169157514,7.050255988840368
LEU,LYS,-0.00018883566861256353,0.00686200437985752,-0.0490195186508221,-0.6631235769576082,8.56692267382754
TYR,GLN,-2.6500827068208652e-05,0.0031753472760792556,-0.07372050811900761,0.30245510288089966,2.7523314422116685
THR,VAL,0.0004241729538570763,-0.02518571370331467,0.5540862397990625,-5.359315760672464,19.297419638504874
ALA,ALA,-1.126205616845454e-05,-0.0025312546145201055,0.12261360803301544,-1.800788775035195,8.579618863811184
ARG,PRO,0.0003126970862447681,-0.015574124730610837,0.31759162504228966,-3.573418174029152,23.016986597753892
ILE,CYS,8.48228709075919e-05,-0.005080417071943245,0.11399389057065737,-1.137368950001839,4.265676970525115
THR,SER,0.00033426790364636175,-0.02080888153727547,0.4786922046100957,-4.834672200090509,18.189302130170425
TRP,ARG,-0.000992836517291562,0.047879036760585116,-0.788759248640305,4.698347682749937,-2.9458440920113844
VAL,LEU,0.00020641955868925445,-0.01422326176994204,0.35673641900648134,-3.884456665017525,15.601103936346068
HIS,LYS,-0.0003899610672986157,0.01894461145496613,-0.29464790658641665,1.1307403196545893,7.641468088033066
ALA,HIS,-6.108005696292658e-05,0.00021516550355001125,0.07026615249763572,-1.4288060726912248,8.086435482075274
THR,GLU,-0.0016066887548007913,0.0745028776549217,-1.172774089906887,6.607816196074667,-4.888803506726007
GLU,TRP,-0.000206031189544497,0.02693950731580276,-0.7971827177289672,7.9542984821837095,-20.09859904557398
GLY,GLN,-0.000483587214298258,0.02178241480591396,-0.324306895031541,1.6202797249320007,-0.4205136156748566
HIS,TRP,-0.0007668351639622404,0.03887503785589757,-0.6847467030758355,4.632135290818583,-7.783808260911594
ARG,VAL,0.00014196578373397702,-0.007220919437974189,0.14815576583908552,-1.6007474413295597,8.143912127552534
ASN,ARG,0.00031962424131983116,-0.016155746663393002,0.33309244717358144,-3.598016711910379,18.82152460012091
ASP,ASN,-0.0009287068887270521,0.040774110662754215,-0.5479642738193795,1.491388794566752,10.292560721929169
TYR,CYS,0.00012122015861872348,-0.0052823327642102106,0.09177631064716822,-0.9052852950279461,4.6759256402107106
CYS,GLU,0.0,0.0,0.0,0.0,0.0
CYS,GLY,-0.0003757602797537863,0.015214061873212116,-0.1853918196238125,0.4634990192487778,2.3687428502257553
ARG,GLY,-0.0002113530334369262,0.008612729263787068,-0.09189669052547061,-0.28030325860769817,7.934516969239934
GLN,TRP,-0.000304015060180061,0.017871513856939195,-0.3506306287213884,2.44744914589738,-2.702501808198605
GLU,GLY,-0.0009074064694412194,0.04769524648195937,-0.8758692639952301,6.272239156094994,-12.034499657247098
TYR,LYS,-0.0001867207329503778,0.007455269388190298,-0.06956162622829347,-0.5029521561623019,8.69656110394562
ASN,ASN,0.00010721972506929306,-0.008901386894842503,0.2617943541283435,-3.2992035583099804,15.212052612152352
ASP,CYS,-0.0009934161401374856,0.056763832780302934,-1.1523974762288063,9.520288230513353,-24.725274440516298
CYS,PHE,0.0003612048406423105,-0.019383068629032617,0.39111512743811394,-3.5817691949474644,12.902254435659968
THR,ARG,0.00012713441605069655,-0.008120689605627462,0.20729183706672294,-2.562937254662583,13.126837928157508
VAL,GLU,8.889868656174131e-05,-0.007188746281651126,0.20987943793642239,-2.73313747741661,13.92820965745689
PRO,ALA,0.0003679047828883046,-0.02081496988258051,0.4383466476553898,-4.1044215794798715,14.68611216030809
ASN,GLU,-0.0018626341521399282,0.09380969767149223,-1.6431887768673488,11.119307640554707,-19.41813041457913
LEU,THR,0.00017063093166092664,-0.012429411396378176,0.3232401534508306,-3.604961731171387,14.712305447087923
ALA,GLN,-4.076226180639248e-05,-0.0012770636505844992,0.10794532594171988,-1.8156641646223028,9.402798594435124
PRO,PHE,0.00011935577248831854,-0.006968166964846507,0.15781954364745554,-1.6658123445888016,6.969262481997361
CYS,LEU,2.4518995279506276e-05,-0.004432281650874357,0.16163353704135036,-2.1479735862705027,9.542534496669374
VAL,SER,0.0004636302443071482,-0.026384100576970267,0.557519430674031,-5.198623908910212,18.169825324705865
ARG,ASP,-0.002522634314739364,0.13833537018045064,-2.519612604747219,14.802723476282383,21.844487424851675
GLN,SER,-0.0009684698108543285,0.045083369459837506,-0.7149733737786048,4.207990181903343,-5.467712004619914
ASP,SER,-0.004063087841147882,0.19124348691509624,-3.103442956930434,19.37463049707875,-32.49406683809904
PHE,PRO,0.00011935577248831854,-0.006968166964846507,0.15781954364745554,-1.6658123445888016,6.969262481997361
MET,THR,7.297579637317557e-05,-0.00720606757211819,0.2229415822549425,-2.8144658925776134,12.776084143679851
PHE,ASP,-0.0014783358612227308,0.0694564245707671,-1.1202760952856292,6.859996217331842,-10.555636951820683
TRP,MET,-0.00021429714092232233,0.011438053102005076,-0.19585413129285434,0.9721407318011372,1.768259384144134
LEU,ASN,-5.763227105346918e-06,-0.0032231521372873273,0.15033523585670303,-2.2266182607987357,10.7349093743495
ARG,TYR,-0.0010547880788799647,0.04915760900182495,-0.776970398991543,4.358581019636363,-1.647432006096463
CYS,SER,-0.00032823064120540685,0.01356832510477568,-0.1672480172810161,0.3472217292771933,3.210031137878256
SER,ALA,3.262408117141835e-05,-0.005273281946051378,0.18547241860771993,-2.4297155610443455,10.92388327724129
GLN,TYR,-2.6500827068208652e-05,0.0031753472760792556,-0.07372050811900761,0.30245510288089966,2.7523314422116685
TYR,GLU,0.002505449551366215,-0.0881083005736915,0.8257887165241392,-0.5486425079085475,-6.085918607045329
ALA,PRO,0.0003679047828883046,-0.02081496988258051,0.4383466476553898,-4.1044215794798715,14.68611216030809
LYS,ARG,0.0017319509183742101,-0.07212457561190849,1.034935026098198,-6.576674931501887,22.321710897401175
CYS,ALA,0.00011968477449275602,-0.008476761840428365,0.21778489532072146,-2.4411405024791946,10.271250531655312
TRP,LYS,-0.0010289247411119414,0.04709656040995361,-0.7316195591700608,4.04229633621627,-1.6221579155702248
GLN,ILE,-0.0004486294463607102,0.02361820032484231,-0.4356899375294716,3.156398514088357,-6.306555355066528
GLY,MET,-0.0002533154073647899,0.0092436093043021,-0.08120607745076172,-0.30185682127779334,4.368198820419974
ILE,SER,-0.0002236287259151052,0.008702305179100674,-0.08789750962301719,-0.17828506197922084,4.373596278843996
ILE,MET,-0.0002755665381689236,0.013451815313476811,-0.2238638329313362,1.3609843298218534,-1.5056182527657072
THR,CYS,0.00021850079113446894,-0.013743533261967752,0.321416451497659,-3.344456993188333,13.30185179781394
LYS,VAL,-3.9295780523661934e-05,0.0007409042074262927,0.027961435705492577,-0.8582868793581414,6.284786638672263
HIS,LEU,-0.0003301686862211612,0.014317012035717315,-0.1932616303709294,0.6235809006710114,2.5069195782971296
TYR,VAL,0.00014688674735112753,-0.010697882706624183,0.28243551505278336,-3.2399668460152546,13.773865812622098
GLU,VAL,8.889868656174131e-05,-0.007188746281651126,0.20987943793642239,-2.73313747741661,13.92820965745689
GLU,THR,-0.0016066887548007913,0.0745028776549217,-1.172774089906887,6.607816196074667,-4.888803506726007
ASN,THR,0.0005263632016338241,-0.031229783162674534,0.6891181822931151,-6.721146270380319,24.5986887242919
LYS,LEU,-0.00018883566861256353,0.00686200437985752,-0.0490195186508221,-0.6631235769576082,8.56692267382754
ASP,LYS,-0.003481260447658409,0.17801538978398052,-3.0890238328973285,18.398014875838506,8.816016887320027
GLY,SER,-0.0001671353434969844,0.004941915434296895,-0.0036955934122049577,-0.9061907921488569,6.174050823658651
ARG,CYS,-0.0008423459119644289,0.040275618882939075,-0.6596722315411726,3.7906153209951365,2.0697452369396916
ILE,LEU,-0.0002876469150774013,0.010487883658357188,-0.08995437502855012,-0.4110178924400014,5.509551211117477
PHE,THR,0.0001549817078594146,-0.011595908628156903,0.309230498860546,-3.539437192933973,14.858252307274892
ILE,GLU,3.389710852348228e-05,-0.0021541288164769307,0.05118315332138849,-0.5388511011764653,2.1206123127545986
SER,GLN,-0.0009684698108543285,0.045083369459837506,-0.7149733737786048,4.207990181903343,-5.467712004619914
ARG,HIS,-0.0011112667543063499,0.0536522495238026,-0.8897673045267265,5.345225871650137,-1.8235342548236886
SER,LYS,-0.0004303496395821058,0.019528388860112527,-0.28287858952181927,1.0455453825739627,5.071565020854964
ASN,TYR,-0.00020863060405585922,0.009415242738033765,-0.12379457254928128,0.14562171656061418,4.4724930660014675
ARG,LEU,-0.0007056518709810357,0.03166630736960448,-0.4712365561826655,2.269872508799558,2.2114105009675002
ASP,ASP,-0.016272481812973826,0.8767013660970865,-16.788426535676887,130.6299306630232,-316.8620714216415
TYR,ARG,-0.0010547880788799647,0.04915760900182495,-0.776970398991543,4.358581019636363,-1.647432006096463
TRP,VAL,0.00021835298457540368,-0.014416584038103185,0.3574333438807312,-3.958749436028214,16.616623315499858
GLU,SER,-0.003658214164618217,0.18669104688487398,-3.3725796515513937,24.659707326333578,-56.11563158060564
ILE,THR,0.00042000720913001866,-0.02387498918343212,0.5087244283427095,-4.875476735388144,18.158002834256713
ILE,ASP,0.00034005238254738974,-0.02310794569721013,0.6063231397680888,-7.249182263692204,33.12796606831102
ARG,PHE,-0.0008012554649677882,0.0353462036339387,-0.5107907841509305,2.269776205175499,3.5522775946115663
ASN,GLN,-0.0008071626363795421,0.037455248203619826,-0.5800471550617655,3.076991147156765,-1.2415068516380898
THR,TRP,0.00023668738675809267,-0.015500423206822262,0.37955607972763994,-4.139069575804401,17.08481966709117
GLN,LEU,-0.0005332521394465708,0.02369093031602227,-0.3446486561908304,1.6274214598908299,0.11261941276885304
HIS,ARG,-0.0011112667543063499,0.0536522495238026,-0.8897673045267265,5.345225871650137,-1.8235342548236886
TYR,GLY,4.330994523779407e-05,-0.002809350293828911,0.07782845846220876,-1.0542922175354483,5.610058375952019
LYS,GLN,0.00016072208431812144,-0.010119280601566258,0.26667771450237,-3.549263704221208,21.656274210224936
GLU,ASN,-0.0018626341521399282,0.09380969767149223,-1.6431887768673488,11.119307640554707,-19.41813041457913
ASP,ALA,0.00038115043025263487,-0.02406973686578997,0.5708046656134342,-6.1164390372862645,25.67491879555373
THR,TYR,0.00010778723188938286,-0.00851970149024212,0.24126881356235486,-2.9564522604445456,13.416446385555387
ILE,ASN,-3.867608625347244e-06,-0.0011472908478362422,0.06815937407116165,-1.2457601310594304,7.43797422679403
PHE,GLY,-3.9347662009641124e-05,-0.0006299799220902415,0.078632522384179,-1.3695976565663186,6.950393705191978
ARG,ILE,-0.0005092875741818676,0.021957465231690797,-0.2925841808859336,0.556245871417655,14.593127073576596
TRP,CYS,0.0006144826093724729,-0.03140769663618474,0.5962221875602649,-5.088112313479215,17.145054086110715
TRP,ASN,-0.0006307034232558695,0.029612764851527872,-0.46514206247351647,2.5025322472962594,-0.9014321468165635
LYS,ILE,-0.000415476383137277,0.018740370285604137,-0.2657132145477247,0.7074413970609352,11.581337473720412
SER,TRP,-0.00046234887372195157,0.020972398877966158,-0.31066287631828776,1.4400670980483887,0.9020843110284479
THR,PHE,0.0001549817078594146,-0.011595908628156903,0.309230498860546,-3.539437192933973,14.858252307274892
LEU,GLN,-0.0005332521394465708,0.02369093031602227,-0.3446486561908304,1.6274214598908299,0.11261941276885304
PRO,LEU,-6.643229805893057e-05,0.0005950374935130566,0.05958035283144486,-1.2496384672533927,6.663442303194677
GLU,ARG,0.0018896002639294026,-0.06092427256228107,0.6157148844908246,-5.069039052870177,64.66862475640899
LYS,PRO,0.0010589416274670806,-0.05270558925485937,0.9711121137241614,-8.225397838378672,32.78644365775659
PHE,VAL,9.271739831524898e-05,-0.0086959169019749,0.263532697486673,-3.280608377316092,14.617831729860812
ASP,ARG,-0.002522634314739364,0.13833537018045064,-2.519612604747219,14.802723476282383,21.844487424851675
ILE,TYR,0.0005724950149867399,-0.026705587909447576,0.4543277055951861,-3.49711084987601,11.49275106912557
VAL,HIS,4.425161087651478e-05,-0.005535420333308721,0.18728936482647,-2.4803810696392747,11.594937333831732
GLN,MET,-0.00017456217731344625,0.008236105916118973,-0.12307189754683916,0.4722501989981879,1.6570054431926873
ARG,GLN,0.00021859382857849938,-0.012159689553289608,0.2850821421996198,-3.5526455359655693,21.883622212821216
SER,GLY,-0.0001671353434969844,0.004941915434296895,-0.0036955934122049577,-0.9061907921488569,6.174050823658651
TRP,ILE,5.2525586483378175e-05,-0.0014451049133138323,0.017862443863696863,-0.3615791845398353,3.6777316340801858
PHE,MET,0.00012958286868100264,-0.006123622296492753,0.12120548156828966,-1.343436177604077,7.053358227187019
PRO,CYS,5.15839389865387e-05,-0.0031057140607237757,0.0702214777694182,-0.7079380592006729,2.6905338530502796
MET,ASN,-0.0005495160168276806,0.026192516282093434,-0.4234346079891955,2.4696894633856585,-2.378338925158772
ILE,ILE,-0.00010082583454480296,0.005372768776043837,-0.10089406179175674,0.7547001702230651,-1.6462305222484515
TYR,ALA,-4.910572203680492e-06,-0.0025603570593660378,0.12099520243653167,-1.831350126687845,9.188126642911056
ALA,ASN,6.888360311547729e-05,-0.0068237783228348135,0.20910622002169116,-2.5908770994830834,11.422962307860873
MET,LEU,8.845406985636309e-05,-0.006249025707190486,0.1683039007398195,-2.0430312224450287,9.40309598111584
CYS,TRP,0.0006144826093724729,-0.03140769663618474,0.5962221875602649,-5.088112313479215,17.145054086110715
MET,GLY,-0.0002533154073647899,0.0092436093043021,-0.08120607745076172,-0.30185682127779334,4.368198820419974
ASP,VAL,0.00045267815905094633,-0.026787438400722424,0.596843776466911,-6.034415645353055,24.103779604551974
ASN,ALA,6.888360311547729e-05,-0.0068237783228348135,0.20910622002169116,-2.5908770994830834,11.422962307860873
VAL,ASN,0.0002471633739916726,-0.015888990558640983,0.37732599037043746,-3.9385889578203814,15.354051965909346
SER,VAL,0.0004636302443071482,-0.026384100576970267,0.557519430674031,-5.198623908910212,18.169825324705865
PHE,LEU,8.11038224119234e-05,-0.00607472270217417,0.17191430830198434,-2.1753758633895437,10.36672204453062
GLU,CYS,0.0,0.0,0.0,0.0,0.0
HIS,HIS,-3.2789212382690794e-05,0.0025986448789668106,-0.04193026307853038,-0.15180528677749294,4.656198266871037
TYR,ASN,-0.00020863060405585922,0.009415242738033765,-0.12379457254928128,0.14562171656061418,4.4724930660014675
LYS,ASN,-0.00022503341188873476,0.007338106059688357,-0.013501327356214225,-1.6063923288835285,15.051151774347447
MET,ASP,-0.0005714962669534788,0.030932053386833545,-0.5895650999391904,4.467724657518399,-9.803491514885069
ALA,ILE,0.00022226394019782237,-0.013506833403986639,0.30748650817451184,-3.1465424138318197,12.50298488346797
GLN,ASP,0.0002546522818405793,-0.009314724287143156,0.13076684684092296,-1.3218588087653027,9.130128895803601
ASP,LEU,-0.0008991483199849778,0.043791622472152306,-0.732347809035447,4.583704202415649,-6.295592778401507
LEU,PHE,8.11038224119234e-05,-0.00607472270217417,0.17191430830198434,-2.1753758633895437,10.36672204453062
ASP,HIS,-0.0029623909266798224,0.16429096399896392,-3.2355365977956723,25.875938218230353,-64.57034951771927
PRO,TRP,-0.0003716521119092404,0.018480045711388705,-0.31358644935640645,1.9421885334990958,-2.1353730375435767
LYS,PHE,-0.0005219925351467428,0.02343731476707093,-0.34477521872337674,1.5352849938071442,3.055042362905445
ALA,GLY,-5.230280428503944e-05,3.8491254196701924e-05,0.0626989348421162,-1.1863138597558112,6.260870443128843
LEU,VAL,0.00020641955868925445,-0.01422326176994204,0.35673641900648134,-3.884456665017525,15.601103936346068
ASP,PHE,-0.0014783358612227308,0.0694564245707671,-1.1202760952856292,6.859996217331842,-10.555636951820683
LYS,TRP,-0.0010289247411119414,0.04709656040995361,-0.7316195591700608,4.04229633621627,-1.6221579155702248
ASP,PRO,-0.0006067476783138108,0.03255208594875995,-0.616824325932452,4.68014534901027,-10.54758041690789
ALA,LYS,-0.00022269027754140552,0.010395762289801014,-0.15756406535672043,0.6581625521746762,2.03409027002111
LEU,CYS,2.4518995279506276e-05,-0.004432281650874357,0.16163353704135036,-2.1479735862705027,9.542534496669374
PRO,GLY,-0.0002425380627453699,0.010163929754450261,-0.13219536546785074,0.4319175071187278,1.2011798242098024
CYS,ASN,-0.0001556313810146239,0.006070753370990188,-0.055930399993424515,-0.31508224471724955,4.701751942542069
LEU,PRO,-6.643229805893057e-05,0.0005950374935130566,0.05958035283144486,-1.2496384672533927,6.663442303194677
GLU,ALA,9.014838780772222e-05,-0.007594199962656984,0.2253168574651386,-2.9403759964075524,14.891099465642718
TRP,THR,0.00023668738675809267,-0.015500423206822262,0.37955607972763994,-4.139069575804401,17.08481966709117
GLU,MET,-0.0008744843670232218,0.048241852786834405,-0.95265390813362,7.76109705432834,-20.593871881516904
GLN,THR,-1.6200389807199768e-05,-0.003780692573734984,0.18834781786744295,-2.870979965546087,14.365263528961119
LYS,ALA,-0.00022269027754140552,0.010395762289801014,-0.15756406535672043,0.6581625521746762,2.03409027002111
THR,THR,0.0002756002655470687,-0.019064085416589247,0.4743651555885364,-5.073996149012852,19.83291238052571
CYS,ILE,8.48228709075919e-05,-0.005080417071943245,0.11399389057065737,-1.137368950001839,4.265676970525115
ARG,LYS,0.0017319509183742101,-0.07212457561190849,1.034935026098198,-6.576674931501887,22.321710897401175
HIS,PRO,-0.00014512891152184123,0.008085036127360262,-0.14697394580097503,0.857312292282603,0.29351067968265165
CYS,TYR,0.00012122015861872348,-0.0052823327642102106,0.09177631064716822,-0.9052852950279461,4.6759256402107106
LEU,LEU,-7.41093702548762e-05,0.0004189323185692797,0.08092514480926008,-1.6787134834444755,9.294855046447333
MET,ARG,-2.094941032438512e-05,0.0005003221941264278,0.03315845290025576,-1.2602457245957577,13.64096571865335
VAL,MET,0.00016789331353544935,-0.011861781636481498,0.3054586534059402,-3.429567561372572,14.329661777783063
MET,CYS,-0.0003512503904569616,0.01555536312615769,-0.22649267647292443,1.096397776789346,-0.2479850576500753
SER,SER,-9.710290073818858e-05,0.00023697728872592165,0.11268428782506854,-2.1692309654347723,11.280082082288947
ASP,THR,-0.0005790638126586315,0.017808994187369417,-0.030752680990233552,-3.282427755725621,25.86284029802971
ASN,PRO,-0.0001870177688769612,0.008181725611135391,-0.1056087125337975,0.16677092491769063,3.1151992760416585
CYS,ARG,-0.0008423459119644289,0.040275618882939075,-0.6596722315411726,3.7906153209951365,2.0697452369396916
HIS,ILE,-4.7401136704495735e-05,0.002318821557790023,-0.023623498107233683,-0.26723758832806976,3.930477151464406
HIS,PHE,-2.5638932854490693e-05,0.00011066376620692398,0.043316546737749186,-1.0572122169157514,7.050255988840368
TRP,GLN,-0.000304015060180061,0.017871513856939195,-0.3506306287213884,2.44744914589738,-2.702501808198605
GLY,HIS,-1.2840945108706137e-05,-0.0007961237949813385,0.059365772680196625,-1.079660441512278,6.183850652206554
GLN,GLU,-0.0015040889976997264,0.08438646350828635,-1.6673873993867367,13.131610403341382,-30.348029516635837
TYR,PHE,0.00012979311189028806,-0.007801991207909711,0.19147770401988043,-2.2885423714788327,11.048304582456923
PRO,ARG,0.0003126970862447681,-0.015574124730610837,0.31759162504228966,-3.573418174029152,23.016986597753892
ILE,GLN,-0.0004486294463607102,0.02361820032484231,-0.4356899375294716,3.156398514088357,-6.306555355066528
HIS,MET,-0.000568387759573654,0.02707880173230971,-0.4398389011395993,2.6249201083730767,-3.053609798152669
PRO,THR,0.00026760381803345157,-0.015722945735464223,0.3457721169070996,-3.412069934369188,13.037155993502116
ALA,TYR,-4.910572203680492e-06,-0.0025603570593660378,0.12099520243653167,-1.831350126687845,9.188126642911056
ILE,TRP,5.2525586483378175e-05,-0.0014451049133138323,0.017862443863696863,-0.3615791845398353,3.6777316340801858
PRO,SER,-0.00037007709919777273,0.015414624418112519,-0.19605664351939886,0.5473413664641165,2.5614580660552444
VAL,PHE,9.271739831524898e-05,-0.0086959169019749,0.263532697486673,-3.280608377316092,14.617831729860812
LEU,HIS,-0.0003301686862211612,0.014317012035717315,-0.1932616303709294,0.6235809006710114,2.5069195782971296
ARG,SER,-3.067040729964251e-07,-0.001828277726129937,0.09911215893100629,-1.8556273343066798,13.156980599134018
ASN,LEU,-5.763227105346918e-06,-0.0032231521372873273,0.15033523585670303,-2.2266182607987357,10.7349093743495
THR,PRO,0.00026760381803345157,-0.015722945735464223,0.3457721169070996,-3.412069934369188,13.037155993502116
ASN,VAL,0.0002471633739916726,-0.015888990558640983,0.37732599037043746,-3.9385889578203814,15.354051965909346
CYS,HIS,-0.00044717310358620275,0.021444739285357083,-0.3484445384063505,2.025032779159402,-1.715981675437319
LEU,ARG,-0.0007056518709810357,0.03166630736960448,-0.4712365561826655,2.269872508799558,2.2114105009675002
LYS,GLY,-0.0002402638172407807,0.00982335683034885,-0.11199644150168933,-0.08913780552396257,6.803777500298705
GLN,ARG,0.00021859382857849938,-0.012159689553289608,0.2850821421996198,-3.5526455359655693,21.883622212821216
VAL,ILE,0.00033594956011991816,-0.01919137691392537,0.4138807166496676,-4.044606760664152,15.449301721313793
TYR,ILE,0.0005724950149867399,-0.026705587909447576,0.4543277055951861,-3.49711084987601,11.49275106912557
PRO,MET,-0.00042690921658036226,0.020314015725166407,-0.3311341899389605,2.022948280977894,-2.8206440130655075
ALA,SER,3.262408117141835e-05,-0.005273281946051378,0.18547241860771993,-2.4297155610443455,10.92388327724129
MET,TYR,-0.00032318741448587917,0.016883018197675646,-0.29654914523699244,1.8125604232829684,-1.0674061595970699
GLY,ASN,-0.000253622696614215,0.00927558687711891,-0.07827716411034881,-0.4351640506663261,5.654480877404752
VAL,ASP,0.00045267815905094633,-0.026787438400722424,0.596843776466911,-6.034415645353055,24.103779604551974
VAL,TYR,0.00014688674735112753,-0.010697882706624183,0.28243551505278336,-3.2399668460152546,13.773865812622098
SER,ILE,-0.0002236287259151052,0.008702305179100674,-0.08789750962301719,-0.17828506197922084,4.373596278843996
SER,MET,-0.0003457291683079043,0.013769470950286977,-0.15641081769611992,0.1419848771904947,4.042983098583881
LEU,GLY,-0.00013325160263670313,0.0036268542280099023,0.010812989847800195,-0.9157753434938717,5.771887919497289
HIS,CYS,-0.00044717310358620275,0.021444739285357083,-0.3484445384063505,2.025032779159402,-1.715981675437319
LEU,GLU,-0.001109576202697463,0.057112386199169814,-1.0364998466168067,7.521532317580204,-16.215041137403755
ALA,TRP,-0.0003474045681740011,0.014028706905757339,-0.1659294838930066,0.23124943832778413,4.166753587719916
PHE,ARG,-0.0008012554649677882,0.0353462036339387,-0.5107907841509305,2.269776205175499,3.5522775946115663
LYS,SER,-0.0004303496395821058,0.019528388860112527,-0.28287858952181927,1.0455453825739627,5.071565020854964
VAL,GLN,6.0995738951532954e-05,-0.006334452700772224,0.1998149676167619,-2.541496259440588,11.532925826339682
GLY,ASP,-0.0013965893867027917,0.06772831350993565,-1.1376243473211103,7.367907356521499,-12.532387837498026
PHE,TRP,-0.00016823280647903688,0.00810020660084407,-0.11158715442521679,0.0724444964746077,5.266912537385077
ALA,GLU,9.014838780772222e-05,-0.007594199962656984,0.2253168574651386,-2.9403759964075524,14.891099465642718
ASP,ILE,0.00034005238254738974,-0.02310794569721013,0.6063231397680888,-7.249182263692204,33.12796606831102
ASP,MET,-0.0005714962669534788,0.030932053386833545,-0.5895650999391904,4.467724657518399,-9.803491514885069
TYR,HIS,-0.0002289069267978539,0.012804604528242726,-0.23526260261051105,1.4097338150372005,0.2241731889440299
ASP,GLU,-0.011822768080897156,0.6625097005238125,-13.361392841155139,112.38903247783064,-316.6224700072251
TYR,MET,-0.00032318741448587917,0.016883018197675646,-0.29654914523699244,1.8125604232829684,-1.0674061595970699
PRO,GLU,4.024856437342569e-07,-2.659861822915047e-05,0.000658404411204444,-0.007234948126494135,0.029778270333213026
GLY,LYS,-0.0002402638172407807,0.00982335683034885,-0.11199644150168933,-0.08913780552396257,6.803777500298705
LYS,TYR,-0.0001867207329503778,0.007455269388190298,-0.06956162622829347,-0.5029521561623019,8.69656110394562
HIS,GLN,-0.0007916271627946927,0.03957497150168084,-0.6866545675318696,4.579253911371976,-7.697088416750346
VAL,ALA,0.00032127932307032483,-0.018946909761866505,0.4142360500178141,-3.986238521155225,14.312490617556778
LYS,ASP,-0.003481260447658409,0.17801538978398052,-3.0890238328973285,18.398014875838506,8.816016887320027
GLY,THR,0.00016180923669900985,-0.010995163294560122,0.2705100742084575,-2.879778786280681,11.310114906863776
VAL,ARG,0.00014196578373397702,-0.007220919437974189,0.14815576583908552,-1.6007474413295597,8.143912127552534
ARG,ASN,0.00031962424131983116,-0.016155746663393002,0.33309244717358144,-3.598016711910379,18.82152460012091
ASN,PHE,-0.0001871581479469159,0.006142652890454031,-0.022337042127810434,-0.9166297126240086,7.508292683839295
MET,TRP,-0.00021429714092232233,0.011438053102005076,-0.19585413129285434,0.9721407318011372,1.768259384144134
ASP,GLY,-0.0013965893867027917,0.06772831350993565,-1.1376243473211103,7.367907356521499,-12.532387837498026
CYS,MET,-0.0003512503904569616,0.01555536312615769,-0.22649267647292443,1.096397776789346,-0.2479850576500753
MET,PHE,0.00012958286868100264,-0.006123622296492753,0.12120548156828966,-1.343436177604077,7.053358227187019
SER,HIS,-7.509863861430863e-05,0.0004133005694490623,0.09086418460404357,-1.9842037301421882,11.724495738029272
HIS,ASN,-0.0001529435778785275,0.006203660967275888,-0.052992738294195235,-0.5636394167609513,7.195793271979012
ASN,TRP,-0.0006307034232558695,0.029612764851527872,-0.46514206247351647,2.5025322472962594,-0.9014321468165635
GLY,CYS,-0.0003757602797537863,0.015214061873212116,-0.1853918196238125,0.4634990192487778,2.3687428502257553
ASN,LYS,-0.00022503341188873476,0.007338106059688357,-0.013501327356214225,-1.6063923288835285,15.051151774347447
PRO,TYR,0.0006662545695163021,-0.02762809019069814,0.3893707919473041,-2.2854450715964183,6.344316531979272
VAL,PRO,0.00032087167818737873,-0.018615632997116913,0.40299185530006915,-3.887508261400484,14.333383107125945
MET,GLU,-0.0008744843670232218,0.048241852786834405,-0.95265390813362,7.76109705432834,-20.593871881516904
PRO,ASN,-0.0001870177688769612,0.008181725611135391,-0.1056087125337975,0.16677092491769063,3.1151992760416585
ILE,PRO,2.8290623303182893e-05,-0.002024071940392929,0.05384196487951282,-0.6317339367166965,2.7606889232969007
ASN,CYS,-0.0001556313810146239,0.006070753370990188,-0.055930399993424515,-0.31508224471724955,4.701751942542069
GLN,PRO,-0.000525271758098255,0.02650264507159188,-0.464943125019512,3.146158712778445,-5.440706219567044
LEU,TYR,-4.6453579242107225e-05,0.0005727133346257024,0.047157947686750086,-1.1900404158833868,7.66957238367576
SER,ASP,-0.004063087841147882,0.19124348691509624,-3.103442956930434,19.37463049707875,-32.49406683809904
ARG,TRP,-0.000992836517291562,0.047879036760585116,-0.788759248640305,4.698347682749937,-2.9458440920113844
MET,HIS,-0.000568387759573654,0.02707880173230971,-0.4398389011395993,2.6249201083730767,-3.053609798152669
LEU,MET,8.845406985636309e-05,-0.006249025707190486,0.1683039007398195,-2.0430312224450287,9.40309598111584
ALA,CYS,0.00011968477449275602,-0.008476761840428365,0.21778489532072146,-2.4411405024791946,10.271250531655312
GLU,GLU,0.0,0.0,0.0,0.0,0.0
HIS,SER,-7.509863861430863e-05,0.0004133005694490623,0.09086418460404357,-1.9842037301421882,11.724495738029272
TYR,THR,0.00010778723188938286,-0.00851970149024212,0.24126881356235486,-2.9564522604445456,13.416446385555387
THR,LEU,0.00017063093166092664,-0.012429411396378176,0.3232401534508306,-3.604961731171387,14.712305447087923
TYR,LEU,-4.6453579242107225e-05,0.0005727133346257024,0.047157947686750086,-1.1900404158833868,7.66957238367576
CYS,LYS,-3.430994509253609e-05,-0.0007268529970401647,0.08646097640653279,-1.8547519441797762,15.879831900208268
GLU,LEU,-0.001109576202697463,0.057112386199169814,-1.0364998466168067,7.521532317580204,-16.215041137403755
ALA,ARG,-0.0002715422293426885,0.013674646588926488,-0.2318269713683414,1.300907527718476,0.5414384189197065
LEU,ILE,-0.0002876469150774013,0.010487883658357188,-0.08995437502855012,-0.4110178924400014,5.509551211117477
CYS,CYS,-0.0011292771907652954,0.06194937723879738,-1.209958419704732,9.63802328970431,-24.206405341103007
PRO,GLN,-0.000525271758098255,0.02650264507159188,-0.464943125019512,3.146158712778445,-5.440706219567044
GLY,ILE,-0.0003119182905693974,0.012863768378771704,-0.1621897399195215,0.4663560490463334,1.8208642588604862
GLY,ARG,-0.0002113530334369262,0.008612729263787068,-0.09189669052547061,-0.28030325860769817,7.934516969239934
PRO,PRO,0.0003009989834560415,-0.016873293832651234,0.34262291367177,-2.937849624907046,8.682691027655345
ASN,HIS,-0.0001529435778785275,0.006203660967275888,-0.052992738294195235,-0.5636394167609513,7.195793271979012
VAL,THR,0.0004241729538570763,-0.02518571370331467,0.5540862397990625,-5.359315760672464,19.297419638504874
TYR,SER,0.00018570373562244258,-0.010304806534233352,0.2243324765266953,-2.3303747539153514,9.891014281779745
TRP,ALA,-0.0003474045681740011,0.014028706905757339,-0.1659294838930066,0.23124943832778413,4.166753587719916
SER,THR,0.00033426790364636175,-0.02080888153727547,0.4786922046100957,-4.834672200090509,18.189302130170425
ARG,ALA,-0.0002715422293426885,0.013674646588926488,-0.2318269713683414,1.300907527718476,0.5414384189197065
LEU,TRP,0.0001216572224968333,-0.006818694757573982,0.15901466299661277,-1.8739733647534491,9.228774350815115
GLU,TYR,0.002505449551366215,-0.0881083005736915,0.8257887165241392,-0.5486425079085475,-6.085918607045329
ARG,ARG,-0.0001291525317771132,0.028653641020585843,-0.9363052623640857,9.695715480783289,-24.319877286432096
TRP,LEU,0.0001216572224968333,-0.006818694757573982,0.15901466299661277,-1.8739733647534491,9.228774350815115
PHE,ASN,-0.0001871581479469159,0.006142652890454031,-0.022337042127810434,-0.9166297126240086,7.508292683839295
PRO,ILE,2.8290623303182893e-05,-0.002024071940392929,0.05384196487951282,-0.6317339367166965,2.7606889232969007
HIS,ALA,-6.108005696292658e-05,0.00021516550355001125,0.07026615249763572,-1.4288060726912248,8.086435482075274
LEU,ALA,0.00018484856017211566,-0.012365769070884634,0.30177801924815456,-3.201336513959453,12.547093325447099
GLY,PHE,-3.9347662009641124e-05,-0.0006299799220902415,0.078632522384179,-1.3695976565663186,6.950393705191978
ILE,ALA,0.00022226394019782237,-0.013506833403986639,0.30748650817451184,-3.1465424138318197,12.50298488346797
MET,PRO,-0.00042690921658036226,0.020314015725166407,-0.3311341899389605,2.022948280977894,-2.8206440130655075
CYS,PRO,5.15839389865387e-05,-0.0031057140607237757,0.0702214777694182,-0.7079380592006729,2.6905338530502796
PHE,CYS,0.0003612048406423105,-0.019383068629032617,0.39111512743811394,-3.5817691949474644,12.902254435659968
TRP,TRP,-0.0002806504422165743,0.012900264366409002,-0.1781117908280589,0.3663354133194632,5.313100268930901
GLY,TRP,-0.0001296651071735795,0.004553406770233768,-0.024711117935490464,-0.5702130832095544,5.302932248365044
SER,ARG,-3.067040729964251e-07,-0.001828277726129937,0.09911215893100629,-1.8556273343066798,13.156980599134018
THR,GLY,0.00016180923669900985,-0.010995163294560122,0.2705100742084575,-2.879778786280681,11.310114906863776
PHE,LYS,-0.0005219925351467428,0.02343731476707093,-0.34477521872337674,1.5352849938071442,3.055042362905445
GLN,PHE,-0.0003150401106829545,0.014624854348593718,-0.21885388049935608,0.9491179897110739,1.5849180800762883
ILE,LYS,-0.000415476383137277,0.018740370285604137,-0.2657132145477247,0.7074413970609352,11.581337473720412
THR,ILE,0.00042000720913001866,-0.02387498918343212,0.5087244283427095,-4.875476735388144,18.158002834256713
GLU,GLN,-0.0015040889976997264,0.08438646350828635,-1.6673873993867367,13.131610403341382,-30.348029516635837
PHE,GLN,-0.0003150401106829545,0.014624854348593718,-0.21885388049935608,0.9491179897110739,1.5849180800762883
MET,MET,-0.0004241956294260082,0.0175436626438982,-0.2189813730130253,0.5374689521368353,3.416182210621814
ASP,TRP,-0.0012698424343656877,0.07271584721577311,-1.4608104787582092,11.64615444106534,-27.032326805905342
PHE,ALA,6.057823724468854e-06,-0.003603145229821957,0.1493252012694339,-2.1167161887431702,10.05614949573154
TRP,PRO,-0.0003716521119092404,0.018480045711388705,-0.31358644935640645,1.9421885334990958,-2.1353730375435767
HIS,GLY,-1.2840945108706137e-05,-0.0007961237949813385,0.059365772680196625,-1.079660441512278,6.183850652206554
CYS,THR,0.00021850079113446894,-0.013743533261967752,0.321416451497659,-3.344456993188333,13.30185179781394
SER,PRO,-0.00037007709919777273,0.015414624418112519,-0.19605664351939886,0.5473413664641165,2.5614580660552444
GLU,ASP,-0.011822768080897156,0.6625097005238125,-13.361392841155139,112.38903247783064,-316.6224700072251
ARG,MET,-2.094941032438512e-05,0.0005003221941264278,0.03315845290025576,-1.2602457245957577,13.64096571865335
SER,TYR,0.00018570373562244258,-0.010304806534233352,0.2243324765266953,-2.3303747539153514,9.891014281779745
VAL,LYS,-3.9295780523661934e-05,0.0007409042074262927,0.027961435705492577,-0.8582868793581414,6.284786638672263
LYS,HIS,-0.0003899610672986157,0.01894461145496613,-0.29464790658641665,1.1307403196545893,7.641468088033066
TYR,TYR,0.0006199304899461158,-0.031062405833532074,0.5802786095418806,-4.964198732148912,17.48744503777443
TYR,PRO,0.0006662545695163021,-0.02762809019069814,0.3893707919473041,-2.2854450715964183,6.344316531979272
GLY,VAL,0.0002145668968832073,-0.013424253427898755,0.30934621920463196,-3.1200259303387794,11.69463466084356
GLU,LYS,-0.00015989690162814218,0.01886008888471598,-0.35739596964060294,-1.3309248077141953,59.93115952134798
THR,LYS,-0.00030139350527247057,0.012168558824230818,-0.13646065221817105,-0.09057747124677887,6.551583075072936
PHE,TYR,0.00012979311189028806,-0.007801991207909711,0.19147770401988043,-2.2885423714788327,11.048304582456923
THR,GLN,-1.6200389807199768e-05,-0.003780692573734984,0.18834781786744295,-2.870979965546087,14.365263528961119
VAL,CYS,0.0004713390233817645,-0.026301286352189413,0.5472845058925402,-5.067310507415369,17.877144369904887
ALA,THR,0.00015730991717359557,-0.01150343305117636,0.29860205930546213,-3.309593646570152,13.366956364705965
ASN,SER,-0.00018422286223851843,0.004293315359096854,0.05041601697145695,-1.8661693211002872,11.474505879407289
THR,ASP,-0.0005790638126586315,0.017808994187369417,-0.030752680990233552,-3.282427755725621,25.86284029802971
PRO,ASP,-0.0006067476783138108,0.03255208594875995,-0.616824325932452,4.68014534901027,-10.54758041690789
ARG,GLU,0.0018896002639294026,-0.06092427256228107,0.6157148844908246,-5.069039052870177,64.66862475640899
GLU,PHE,-0.0016685791091952495,0.08410887455759873,-1.4986146628504766,10.788692810388365,-24.12327643096207
VAL,VAL,0.00041302990447434165,-0.02465432222024831,0.5452628054118702,-5.299920861608538,19.15508109703076
SER,LEU,-6.887672191220109e-05,-0.00024911570192887045,0.09896043129988844,-1.8203934139987599,9.340851944508511
HIS,THR,0.0003338187706299038,-0.021087751902614384,0.4976400897855168,-5.226848358493963,20.819153515421426
GLY,GLU,-0.0009074064694412194,0.04769524648195937,-0.8758692639952301,6.272239156094994,-12.034499657247098
MET,GLN,-0.00017456217731344625,0.008236105916118973,-0.12307189754683916,0.4722501989981879,1.6570054431926873
GLY,PRO,-0.0002425380627453699,0.010163929754450261,-0.13219536546785074,0.4319175071187278,1.2011798242098024
SER,PHE,-5.075212542732535e-05,-0.0006809771691221968,0.0975595157710754,-1.751299896851539,9.17462862927408
ARG,THR,0.00012713441605069655,-0.008120689605627462,0.20729183706672294,-2.562937254662583,13.126837928157508
THR,MET,7.297579637317557e-05,-0.00720606757211819,0.2229415822549425,-2.8144658925776134,12.776084143679851
TRP,ASP,-0.0012698424343656877,0.07271584721577311,-1.4608104787582092,11.64615444106534,-27.032326805905342
GLY,GLY,-0.0005985185126516747,0.026070936064334412,-0.375319297271829,1.8738546270136482,-1.4438791178321773
ASN,ASP,-0.0009287068887270521,0.040774110662754215,-0.5479642738193795,1.491388794566752,10.292560721929169
THR,HIS,0.0003338187706299038,-0.021087751902614384,0.4976400897855168,-5.226848358493963,20.819153515421426
ALA,ASP,0.00038115043025263487,-0.02406973686578997,0.5708046656134342,-6.1164390372862645,25.67491879555373
THR,ALA,0.00015730991717359557,-0.01150343305117636,0.29860205930546213,-3.309593646570152,13.366956364705965
PHE,ILE,0.00013715264468894394,-0.008289013079449924,0.1942795293722017,-2.1119474758414807,9.019551865689854
MET,ALA,6.619107068722414e-05,-0.006420481948539482,0.19575690608381557,-2.4322266873898144,10.838400814609122
TRP,HIS,-0.0007668351639622404,0.03887503785589757,-0.6847467030758355,4.632135290818583,-7.783808260911594
GLY,ALA,-5.230280428503944e-05,3.8491254196701924e-05,0.0626989348421162,-1.1863138597558112,6.260870443128843
TYR,ASP,0.0016647199348043815,-0.046320461315136265,0.08939121732926722,4.771751189494828,-18.754353266079082
